Timestamp,What is your general opinion on the NSA?,How familiar are you with function of the NSA (United States National Security Agency)?,Where do you live?,How familiar are you with actions of Edward Snowden in relation to the NSA activities?,How would you judge your level of proficiency in using information technology?,Did the NSA revelations (information disseminated by Edward Snowden) change your opinion of the NSA?,Do you find NSA revelations concerning?,Did the NSA revelations increase your information security awareness?,,,
1.14.2015 14:58:31,Extremely negative,Somewhat familiar,EU,Reasonably familiar,Reasonably proficient,Somewhat diminished,Very concerning,Decidedly increased,,,
1.14.2015 15:05:11,Extremely negative,Very familiar,USA,Very familiar,Very proficient,Greatly diminished,Very concerning,Greatly increased,,,
1.14.2015 15:05:37,Decidedly negative,Very familiar,EU,Reasonably familiar,Somewhat proficient,Greatly diminished,Very concerning,Somewhat increased,,,
1.14.2015 15:09:52,Extremely negative,Reasonably familiar,USA,Reasonably familiar,Very proficient,Somewhat diminished,Very concerning,Greatly increased,,,
1.14.2015 15:21:23,Decidedly negative,Reasonably familiar,EU,Very familiar,Reasonably proficient,Did not influence,Decidedly concerning,Somewhat increased,,,
1.14.2015 15:25:32,Neutral,Reasonably familiar,USA,Somewhat familiar,Reasonably proficient,Did not influence,Slightly concerning,Not at all,,,
1.14.2015 15:31:18,Slightly positive,Somewhat familiar,EU,Very familiar,Very proficient,Somewhat diminished,Slightly concerning,Not at all,,,
1.14.2015 15:35:28,Decidedly negative,Somewhat familiar,EU,Reasonably familiar,Reasonably proficient,Greatly diminished,Slightly concerning,Somewhat increased,,,
1.14.2015 15:41:09,Somewhat positive,Reasonably familiar,EU,Reasonably familiar,Reasonably proficient,Somewhat improved,Not concerning at all,Slightly increased,,,
1.14.2015 15:43:48,Slightly negative,Reasonably familiar,USA,Reasonably familiar,Very proficient,Greatly diminished,Decidedly concerning,Greatly increased,,,
1.14.2015 15:44:59,Extremely negative,Somewhat familiar,EU,Somewhat familiar,Somewhat proficient,Greatly diminished,Very concerning,Decidedly increased,,,
1.14.2015 15:46:10,Somewhat negative,Very familiar,USA,Reasonably familiar,Very proficient,Slightly diminished,Very concerning,Decidedly increased,,,
1.14.2015 15:49:23,Extremely negative,Very familiar,USA,Very familiar,Reasonably proficient,Somewhat diminished,Very concerning,Decidedly increased,,,
1.14.2015 15:53:30,Decidedly negative,Reasonably familiar,EU,Reasonably familiar,Reasonably proficient,Greatly diminished,Very concerning,Decidedly increased,,,
1.14.2015 16:07:16,Extremely negative,Somewhat familiar,USA,Reasonably familiar,Somewhat proficient,Greatly diminished,Very concerning,Greatly increased,,,
1.14.2015 16:10:12,Neutral,Somewhat familiar,USA,Reasonably familiar,Very proficient,Did not influence,Not concerning at all,Not at all,,,
1.14.2015 16:10:18,Extremely negative,Very familiar,EU,Very familiar,Very proficient,Greatly diminished,Very concerning,Greatly increased,,,
1.14.2015 16:22:19,Neutral,Very familiar,USA,Reasonably familiar,Reasonably proficient,Did not influence,Decidedly concerning,Not at all,,,
1.14.2015 16:27:03,Extremely negative,Somewhat familiar,USA,Reasonably familiar,Reasonably proficient,Greatly diminished,Very concerning,Decidedly increased,,,
1.14.2015 16:30:39,Neutral,Somewhat familiar,EU,Very familiar,Very proficient,Did not influence,Not concerning at all,Somewhat increased,,,
1.14.2015 16:40:50,Decidedly positive,Very familiar,USA,Very familiar,Very proficient,Did not influence,Not concerning at all,Not at all,,,
1.14.2015 16:49:24,Somewhat positive,Somewhat familiar,USA,Somewhat familiar,Somewhat proficient,Slightly diminished,Not concerning at all,Not at all,,,
1.14.2015 16:53:41,Slightly negative,Somewhat familiar,USA,Slightly familiar,Very proficient,Slightly diminished,Somewhat concerning,Not at all,,,
1.14.2015 16:54:17,Extremely negative,Somewhat familiar,Other,Slightly familiar,Somewhat proficient,Somewhat diminished,Slightly concerning,Slightly increased,,,
1.14.2015 16:57:01,Decidedly positive,Somewhat familiar,USA,Not familiar at all,Very proficient,Did not influence,Not concerning at all,Decidedly increased,,,
1.14.2015 17:03:24,Extremely negative,Reasonably familiar,EU,Reasonably familiar,Somewhat proficient,Greatly diminished,Very concerning,Greatly increased,,,
1.14.2015 17:04:02,Decidedly negative,Reasonably familiar,USA,Reasonably familiar,Very proficient,Greatly diminished,Very concerning,Somewhat increased,,,
1.14.2015 17:05:24,Extremely negative,Somewhat familiar,Other,Reasonably familiar,Reasonably proficient,Did not influence,Decidedly concerning,Not at all,,,
1.14.2015 17:06:55,Neutral,Slightly familiar,EU,Not familiar at all,Reasonably proficient,Did not influence,Not concerning at all,Not at all,,,
1.14.2015 17:08:20,Slightly negative,Somewhat familiar,EU,Somewhat familiar,Reasonably proficient,Did not influence,Somewhat concerning,Slightly increased,,,
1.14.2015 17:08:31,Extremely negative,Very familiar,EU,Reasonably familiar,Reasonably proficient,Greatly diminished,Very concerning,Greatly increased,,,
1.14.2015 17:12:30,Somewhat positive,Somewhat familiar,USA,Reasonably familiar,Not proficient at all,Did not influence,Not concerning at all,Not at all,,,
1.14.2015 17:15:53,Decidedly negative,Slightly familiar,EU,Somewhat familiar,Very proficient,Greatly diminished,Very concerning,Somewhat increased,,,
1.14.2015 17:16:47,Extremely negative,Somewhat familiar,USA,Reasonably familiar,Reasonably proficient,Greatly diminished,Very concerning,Somewhat increased,,,
1.14.2015 17:17:32,Somewhat negative,Slightly familiar,EU,Somewhat familiar,Reasonably proficient,Greatly diminished,Somewhat concerning,Not at all,,,
1.14.2015 17:20:56,Decidedly negative,Reasonably familiar,USA,Very familiar,Very proficient,Greatly diminished,Very concerning,Greatly increased,,,
1.14.2015 17:25:29,Decidedly negative,Reasonably familiar,USA,Reasonably familiar,Reasonably proficient,Greatly diminished,Very concerning,Somewhat increased,,,
1.14.2015 17:26:33,Decidedly negative,Somewhat familiar,EU,Reasonably familiar,Reasonably proficient,Greatly diminished,Decidedly concerning,Not at all,,,
1.14.2015 17:28:00,Somewhat positive,Reasonably familiar,USA,Somewhat familiar,Very proficient,Did not influence,Slightly concerning,Somewhat increased,,,
1.14.2015 17:35:22,Somewhat negative,Somewhat familiar,USA,Somewhat familiar,Reasonably proficient,Somewhat diminished,Decidedly concerning,Slightly increased,,,
1.14.2015 17:36:15,Somewhat negative,Reasonably familiar,EU,Reasonably familiar,Not proficient at all,Somewhat diminished,Very concerning,Slightly increased,,,
1.14.2015 17:41:21,Somewhat negative,Reasonably familiar,USA,Very familiar,Very proficient,Somewhat diminished,Very concerning,Decidedly increased,,,
1.14.2015 17:50:54,Somewhat positive,Reasonably familiar,USA,Reasonably familiar,Reasonably proficient,Slightly diminished,Not concerning at all,Slightly increased,,,
1.14.2015 17:54:57,Decidedly negative,Reasonably familiar,USA,Very familiar,Very proficient,Greatly diminished,Very concerning,Greatly increased,,,
1.14.2015 17:56:01,Decidedly negative,Very familiar,EU,Reasonably familiar,Very proficient,Greatly diminished,Slightly concerning,Decidedly increased,,,
1.14.2015 17:56:33,Somewhat negative,Reasonably familiar,USA,Reasonably familiar,Very proficient,Somewhat diminished,Very concerning,Somewhat increased,,,
1.14.2015 17:57:09,Extremely negative,Very familiar,EU,Very familiar,Very proficient,Somewhat diminished,Very concerning,Somewhat increased,,,
1.14.2015 18:01:02,Decidedly negative,Somewhat familiar,EU,Reasonably familiar,Reasonably proficient,Somewhat diminished,Somewhat concerning,Somewhat increased,,,
1.14.2015 18:07:01,Decidedly negative,Reasonably familiar,USA,Reasonably familiar,Very proficient,Somewhat diminished,Very concerning,Slightly increased,,,
1.14.2015 18:07:05,Slightly positive,Slightly familiar,EU,Somewhat familiar,Reasonably proficient,Slightly diminished,Slightly concerning,Slightly increased,,,
1.14.2015 18:12:51,Decidedly negative,Somewhat familiar,EU,Reasonably familiar,Somewhat proficient,Slightly diminished,Decidedly concerning,Somewhat increased,,,
1.14.2015 18:21:45,Somewhat positive,Very familiar,USA,Somewhat familiar,Very proficient,Slightly improved,Not concerning at all,Slightly increased,,,
1.14.2015 18:27:14,Slightly negative,Reasonably familiar,USA,Reasonably familiar,Reasonably proficient,Slightly diminished,Somewhat concerning,Decidedly increased,,,
1.14.2015 18:29:42,Somewhat negative,Somewhat familiar,USA,Somewhat familiar,Reasonably proficient,Somewhat diminished,Somewhat concerning,Greatly increased,,,
1.14.2015 18:29:51,Slightly positive,Somewhat familiar,EU,Very familiar,Very proficient,Slightly diminished,Slightly concerning,Not at all,,,
1.14.2015 18:31:29,Neutral,Reasonably familiar,USA,Very familiar,Very proficient,Somewhat diminished,Very concerning,Greatly increased,,,
1.14.2015 18:33:01,Somewhat negative,Somewhat familiar,EU,Somewhat familiar,Reasonably proficient,Somewhat diminished,Decidedly concerning,Slightly increased,,,
1.14.2015 18:41:32,Somewhat positive,Very familiar,USA,Somewhat familiar,Very proficient,Slightly diminished,Decidedly concerning,Slightly increased,,,
1.14.2015 18:43:26,Slightly positive,Somewhat familiar,USA,Somewhat familiar,Reasonably proficient,Did not influence,Slightly concerning,Decidedly increased,,,
1.14.2015 18:45:00,Somewhat negative,Somewhat familiar,USA,Somewhat familiar,Slightly proficient,Greatly diminished,Decidedly concerning,Somewhat increased,,,
1.14.2015 18:45:32,Extremely negative,Somewhat familiar,USA,Reasonably familiar,Reasonably proficient,Somewhat diminished,Very concerning,Decidedly increased,,,
1.14.2015 18:49:37,Decidedly negative,Reasonably familiar,EU,Somewhat familiar,Very proficient,Did not influence,Decidedly concerning,Not at all,,,
1.14.2015 18:52:22,Decidedly negative,Reasonably familiar,Other,Reasonably familiar,Reasonably proficient,Greatly diminished,Decidedly concerning,Decidedly increased,,,
1.14.2015 18:56:58,Neutral,Somewhat familiar,USA,Slightly familiar,Reasonably proficient,Somewhat diminished,Decidedly concerning,Not at all,,,
1.14.2015 18:58:42,Decidedly negative,Somewhat familiar,EU,Reasonably familiar,Very proficient,Greatly diminished,Very concerning,Somewhat increased,,,
1.14.2015 19:00:33,Extremely negative,Very familiar,USA,Very familiar,Very proficient,Did not influence,Very concerning,Slightly increased,,,
1.14.2015 19:02:27,Slightly negative,Reasonably familiar,USA,Reasonably familiar,Very proficient,Slightly diminished,Slightly concerning,Somewhat increased,,,
1.14.2015 19:04:12,Decidedly negative,Somewhat familiar,USA,Reasonably familiar,Somewhat proficient,Greatly diminished,Very concerning,Decidedly increased,,,
1.14.2015 19:05:46,Extremely negative,Reasonably familiar,USA,Reasonably familiar,Very proficient,Somewhat diminished,Very concerning,Decidedly increased,,,
1.14.2015 19:10:27,Extremely negative,Reasonably familiar,Other,Very familiar,Very proficient,Greatly diminished,Very concerning,Slightly increased,,,
1.14.2015 19:13:43,Decidedly negative,Reasonably familiar,EU,Very familiar,Very proficient,Greatly diminished,Very concerning,Decidedly increased,,,
1.14.2015 19:15:58,Extremely negative,Reasonably familiar,USA,Reasonably familiar,Reasonably proficient,Somewhat diminished,Very concerning,Slightly increased,,,
1.14.2015 19:17:28,Slightly negative,Reasonably familiar,USA,Reasonably familiar,Reasonably proficient,Slightly diminished,Slightly concerning,Somewhat increased,,,
1.14.2015 19:18:40,Somewhat negative,Somewhat familiar,USA,Reasonably familiar,Very proficient,Somewhat diminished,Decidedly concerning,Not at all,,,
1.14.2015 19:21:50,Decidedly negative,Reasonably familiar,USA,Reasonably familiar,Very proficient,Greatly diminished,Very concerning,Decidedly increased,,,
1.14.2015 19:22:32,Extremely negative,Very familiar,USA,Reasonably familiar,Very proficient,Did not influence,Decidedly concerning,Slightly increased,,,
1.14.2015 19:23:37,Somewhat negative,Very familiar,USA,Very familiar,Reasonably proficient,Did not influence,Slightly concerning,Somewhat increased,,,
1.14.2015 19:26:03,Decidedly negative,Slightly familiar,USA,Reasonably familiar,Very proficient,Greatly diminished,Decidedly concerning,Slightly increased,,,
1.14.2015 19:26:05,Decidedly negative,Reasonably familiar,USA,Reasonably familiar,Very proficient,Greatly diminished,Very concerning,Somewhat increased,,,
1.14.2015 19:26:41,Decidedly negative,Reasonably familiar,USA,Reasonably familiar,Very proficient,Greatly diminished,Very concerning,Somewhat increased,,,
1.14.2015 19:27:06,Neutral,Very familiar,USA,Very familiar,Very proficient,Somewhat diminished,Slightly concerning,Slightly increased,,,
1.14.2015 19:28:22,Somewhat negative,Slightly familiar,USA,Not familiar at all,Not proficient at all,Did not influence,Slightly concerning,Not at all,,,
1.14.2015 19:40:15,Decidedly negative,Reasonably familiar,USA,Reasonably familiar,Very proficient,Somewhat diminished,Very concerning,Slightly increased,,,
1.14.2015 19:40:54,Neutral,Very familiar,USA,Very familiar,Very proficient,Did not influence,Decidedly concerning,Somewhat increased,,,
1.14.2015 19:44:14,Decidedly negative,Reasonably familiar,USA,Reasonably familiar,Reasonably proficient,Greatly diminished,Very concerning,Greatly increased,,,
1.14.2015 19:52:38,Neutral,Reasonably familiar,USA,Reasonably familiar,Very proficient,Did not influence,Decidedly concerning,Not at all,,,
1.14.2015 20:06:40,Somewhat negative,Reasonably familiar,USA,Very familiar,Reasonably proficient,Did not influence,Slightly concerning,Somewhat increased,,,
1.14.2015 20:14:38,Somewhat negative,Reasonably familiar,EU,Very familiar,Very proficient,Slightly diminished,Decidedly concerning,Not at all,,,
1.14.2015 20:14:54,Extremely negative,Reasonably familiar,USA,Reasonably familiar,Very proficient,Greatly diminished,Very concerning,Greatly increased,,,
1.14.2015 20:15:47,Extremely negative,Reasonably familiar,USA,Reasonably familiar,Very proficient,Greatly diminished,Very concerning,Somewhat increased,,,
1.14.2015 20:19:48,Decidedly negative,Very familiar,Other,Very familiar,Very proficient,Did not influence,Very concerning,Not at all,,,
1.14.2015 20:27:14,Extremely negative,Somewhat familiar,USA,Reasonably familiar,Slightly proficient,Greatly diminished,Very concerning,Decidedly increased,,,
1.14.2015 20:29:34,Extremely negative,Reasonably familiar,USA,Very familiar,Reasonably proficient,Greatly diminished,Decidedly concerning,Greatly increased,,,
1.14.2015 20:31:41,Extremely negative,Somewhat familiar,USA,Reasonably familiar,Very proficient,Greatly diminished,Very concerning,Somewhat increased,,,
1.14.2015 20:33:08,Somewhat negative,Somewhat familiar,USA,Slightly familiar,Very proficient,Somewhat diminished,Slightly concerning,Decidedly increased,,,
1.14.2015 20:34:10,Extremely negative,Reasonably familiar,USA,Reasonably familiar,Very proficient,Greatly diminished,Very concerning,Decidedly increased,,,
1.14.2015 20:34:16,Slightly positive,Very familiar,USA,Very familiar,Very proficient,Slightly diminished,Very concerning,Greatly increased,,,
1.14.2015 20:36:44,Decidedly negative,Reasonably familiar,Other,Reasonably familiar,Very proficient,Somewhat diminished,Very concerning,Decidedly increased,,,
1.14.2015 20:38:33,Extremely negative,Very familiar,USA,Very familiar,Very proficient,Greatly diminished,Very concerning,Greatly increased,,,
1.14.2015 20:43:28,Extremely negative,Very familiar,USA,Somewhat familiar,Very proficient,Greatly diminished,Very concerning,Decidedly increased,,,
1.14.2015 20:47:18,Extremely negative,Reasonably familiar,EU,Reasonably familiar,Very proficient,Greatly diminished,Very concerning,Decidedly increased,,,
1.14.2015 20:49:16,Extremely negative,Very familiar,USA,Reasonably familiar,Very proficient,Did not influence,Slightly concerning,Not at all,,,
1.14.2015 20:50:27,Decidedly negative,Reasonably familiar,EU,Very familiar,Very proficient,Slightly diminished,Very concerning,Slightly increased,,,
1.14.2015 20:53:55,Somewhat negative,Reasonably familiar,USA,Very familiar,Very proficient,Somewhat diminished,Decidedly concerning,Somewhat increased,,,
1.14.2015 21:02:47,Somewhat negative,Somewhat familiar,USA,Reasonably familiar,Reasonably proficient,Somewhat diminished,Very concerning,Decidedly increased,,,
1.14.2015 21:11:10,Somewhat negative,Reasonably familiar,USA,Very familiar,Very proficient,Greatly diminished,Slightly concerning,Not at all,,,
1.14.2015 21:14:15,Decidedly negative,Reasonably familiar,USA,Very familiar,Reasonably proficient,Greatly diminished,Very concerning,Decidedly increased,,,
1.14.2015 21:16:23,Decidedly negative,Very familiar,USA,Very familiar,Very proficient,Did not influence,Very concerning,Not at all,,,
1.14.2015 21:24:02,Slightly negative,Somewhat familiar,USA,Reasonably familiar,Reasonably proficient,Somewhat diminished,Decidedly concerning,Somewhat increased,,,
1.14.2015 21:27:53,Slightly positive,Reasonably familiar,USA,Reasonably familiar,Very proficient,Did not influence,Not concerning at all,Slightly increased,,,
1.14.2015 21:34:16,Extremely positive,Somewhat familiar,USA,Slightly familiar,Reasonably proficient,Did not influence,Not concerning at all,Not at all,,,
1.14.2015 21:35:35,Extremely negative,Reasonably familiar,Other,Very familiar,Very proficient,Somewhat diminished,Decidedly concerning,Slightly increased,,,
1.14.2015 21:35:50,Decidedly negative,Reasonably familiar,USA,Very familiar,Very proficient,Greatly diminished,Very concerning,Greatly increased,,,
1.14.2015 21:36:18,Neutral,Reasonably familiar,USA,Reasonably familiar,Reasonably proficient,Slightly diminished,Somewhat concerning,Not at all,,,
1.14.2015 21:37:03,Decidedly negative,Reasonably familiar,USA,Somewhat familiar,Reasonably proficient,Somewhat diminished,Decidedly concerning,Decidedly increased,,,
1.14.2015 21:37:17,Decidedly negative,Somewhat familiar,EU,Slightly familiar,Reasonably proficient,Greatly diminished,Very concerning,Not at all,,,
1.14.2015 21:41:03,Decidedly negative,Reasonably familiar,USA,Reasonably familiar,Reasonably proficient,Slightly diminished,Very concerning,Somewhat increased,,,
1.14.2015 21:41:14,Somewhat positive,Reasonably familiar,USA,Very familiar,Somewhat proficient,Did not influence,Very concerning,Somewhat increased,,,
1.14.2015 21:41:31,Extremely negative,Reasonably familiar,USA,Reasonably familiar,Reasonably proficient,Greatly diminished,Very concerning,Somewhat increased,,,
1.14.2015 21:44:36,Neutral,Not familiar at all,EU,Not familiar at all,Somewhat proficient,Did not influence,Not concerning at all,Slightly increased,,,
1.14.2015 21:48:45,Decidedly negative,Reasonably familiar,USA,Reasonably familiar,Very proficient,Greatly diminished,Very concerning,Decidedly increased,,,
1.14.2015 21:55:50,Decidedly negative,Reasonably familiar,EU,Very familiar,Reasonably proficient,Greatly diminished,Decidedly concerning,Not at all,,,
1.14.2015 21:56:11,Somewhat negative,Somewhat familiar,USA,Reasonably familiar,Very proficient,Greatly diminished,Very concerning,Decidedly increased,,,
1.14.2015 22:04:01,Somewhat negative,Somewhat familiar,USA,Reasonably familiar,Reasonably proficient,Greatly diminished,Somewhat concerning,Decidedly increased,,,
1.14.2015 22:08:41,Decidedly positive,Very familiar,USA,Very familiar,Very proficient,Did not influence,Not concerning at all,Not at all,,,
1.14.2015 22:18:28,Extremely negative,Reasonably familiar,Other,Reasonably familiar,Very proficient,Somewhat diminished,Very concerning,Decidedly increased,,,
1.14.2015 22:20:30,Somewhat positive,Very familiar,USA,Reasonably familiar,Very proficient,Slightly diminished,Slightly concerning,Not at all,,,
1.14.2015 22:20:49,Neutral,Reasonably familiar,USA,Reasonably familiar,Very proficient,Did not influence,Slightly concerning,Not at all,,,
1.14.2015 22:22:26,Slightly negative,Reasonably familiar,USA,Somewhat familiar,Somewhat proficient,Slightly diminished,Slightly concerning,Slightly increased,,,
1.14.2015 22:23:35,Somewhat negative,Reasonably familiar,USA,Reasonably familiar,Reasonably proficient,Somewhat diminished,Very concerning,Somewhat increased,,,
1.14.2015 22:24:54,Extremely negative,Very familiar,EU,Very familiar,Very proficient,Greatly diminished,Very concerning,Slightly increased,,,
1.14.2015 22:27:29,Decidedly negative,Somewhat familiar,USA,Reasonably familiar,Reasonably proficient,Somewhat diminished,Decidedly concerning,Somewhat increased,,,
1.14.2015 22:28:11,Decidedly negative,Somewhat familiar,EU,Reasonably familiar,Reasonably proficient,Slightly diminished,Decidedly concerning,Greatly increased,,,
1.14.2015 22:32:33,Decidedly negative,Very familiar,EU,Very familiar,Very proficient,Greatly diminished,Very concerning,Decidedly increased,,,
1.14.2015 22:32:54,Extremely negative,Very familiar,USA,Very familiar,Reasonably proficient,Somewhat diminished,Very concerning,Somewhat increased,,,
1.14.2015 22:37:19,Somewhat negative,Somewhat familiar,USA,Not familiar at all,Very proficient,Did not influence,Somewhat concerning,Not at all,,,
1.14.2015 22:46:47,Extremely negative,Very familiar,USA,Very familiar,Very proficient,Greatly diminished,Very concerning,Slightly increased,,,
1.14.2015 22:48:55,Slightly negative,Reasonably familiar,USA,Somewhat familiar,Reasonably proficient,Greatly diminished,Decidedly concerning,Decidedly increased,,,
1.14.2015 22:59:35,Decidedly negative,Reasonably familiar,EU,Somewhat familiar,Very proficient,Somewhat diminished,Decidedly concerning,Slightly increased,,,
1.14.2015 23:01:44,Extremely negative,Reasonably familiar,USA,Reasonably familiar,Reasonably proficient,Slightly diminished,Very concerning,Decidedly increased,,,
1.14.2015 23:04:03,Slightly negative,Somewhat familiar,USA,Reasonably familiar,Reasonably proficient,Did not influence,Somewhat concerning,Somewhat increased,,,
1.14.2015 23:06:06,Decidedly negative,Reasonably familiar,Other,Very familiar,Very proficient,Greatly diminished,Very concerning,Somewhat increased,,,
1.14.2015 23:06:22,Decidedly negative,Slightly familiar,USA,Reasonably familiar,Reasonably proficient,Did not influence,Decidedly concerning,Decidedly increased,,,
1.14.2015 23:15:32,Somewhat positive,Somewhat familiar,USA,Reasonably familiar,Reasonably proficient,Did not influence,Not concerning at all,Not at all,,,
1.14.2015 23:25:22,Extremely negative,Very familiar,USA,Very familiar,Very proficient,Greatly diminished,Very concerning,Somewhat increased,,,
1.14.2015 23:26:17,Decidedly negative,Reasonably familiar,USA,Somewhat familiar,Reasonably proficient,Greatly diminished,Very concerning,Somewhat increased,,,
1.14.2015 23:27:45,Extremely negative,Reasonably familiar,USA,Reasonably familiar,Very proficient,Greatly diminished,Very concerning,Greatly increased,,,
1.14.2015 23:30:09,Decidedly negative,Very familiar,EU,Reasonably familiar,Reasonably proficient,Did not influence,Very concerning,Decidedly increased,,,
1.14.2015 23:33:50,Extremely negative,Reasonably familiar,USA,Reasonably familiar,Very proficient,Greatly diminished,Very concerning,Somewhat increased,,,
1.14.2015 23:34:02,Extremely negative,Reasonably familiar,USA,Reasonably familiar,Very proficient,Greatly diminished,Very concerning,Decidedly increased,,,
1.14.2015 23:34:31,Decidedly negative,Very familiar,USA,Very familiar,Very proficient,Somewhat diminished,Very concerning,Somewhat increased,,,
1.14.2015 23:34:35,Neutral,Somewhat familiar,EU,Somewhat familiar,Very proficient,Did not influence,Not concerning at all,Not at all,,,
1.14.2015 23:40:19,Decidedly negative,Reasonably familiar,Other,Reasonably familiar,Reasonably proficient,Greatly diminished,Decidedly concerning,Somewhat increased,,,
1.14.2015 23:42:31,Decidedly negative,Reasonably familiar,Other,Reasonably familiar,Very proficient,Greatly diminished,Decidedly concerning,Slightly increased,,,
1.14.2015 23:48:23,Decidedly negative,Reasonably familiar,USA,Reasonably familiar,Reasonably proficient,Greatly diminished,Decidedly concerning,Somewhat increased,,,
1.14.2015 23:55:38,Slightly negative,Reasonably familiar,USA,Reasonably familiar,Reasonably proficient,Did not influence,Not concerning at all,Not at all,,,
1.14.2015 23:59:05,Decidedly negative,Very familiar,USA,Very familiar,Very proficient,Greatly diminished,Very concerning,Decidedly increased,,,
1.14.2015 23:59:22,Extremely negative,Slightly familiar,EU,Reasonably familiar,Very proficient,Greatly diminished,Very concerning,Slightly increased,,,
1.15.2015 0:03:01,Decidedly negative,Reasonably familiar,EU,Reasonably familiar,Reasonably proficient,Greatly diminished,Very concerning,Greatly increased,,,
1.15.2015 0:03:33,Extremely negative,Reasonably familiar,USA,Reasonably familiar,Reasonably proficient,Somewhat diminished,Very concerning,Somewhat increased,,,
1.15.2015 0:04:54,Slightly positive,Very familiar,USA,Very familiar,Very proficient,Did not influence,Slightly concerning,Slightly increased,,,
1.15.2015 0:18:55,Decidedly negative,Somewhat familiar,USA,Reasonably familiar,Reasonably proficient,Greatly diminished,Decidedly concerning,Greatly increased,,,
1.15.2015 0:22:18,Slightly negative,Somewhat familiar,EU,Slightly familiar,Reasonably proficient,Slightly diminished,Somewhat concerning,Decidedly increased,,,
1.15.2015 0:23:11,Somewhat negative,Somewhat familiar,USA,Somewhat familiar,Very proficient,Somewhat diminished,Decidedly concerning,Somewhat increased,,,
1.15.2015 0:23:24,Slightly negative,Somewhat familiar,EU,Somewhat familiar,Very proficient,Slightly diminished,Somewhat concerning,Somewhat increased,,,
1.15.2015 0:29:30,Somewhat negative,Reasonably familiar,USA,Very familiar,Very proficient,Somewhat diminished,Decidedly concerning,Greatly increased,,,
1.15.2015 0:31:14,Extremely negative,Very familiar,USA,Very familiar,Reasonably proficient,Greatly diminished,Very concerning,Greatly increased,,,
1.15.2015 0:35:15,Decidedly negative,Somewhat familiar,USA,Reasonably familiar,Very proficient,Greatly improved,Very concerning,Slightly increased,,,
1.15.2015 0:42:29,Slightly negative,Somewhat familiar,EU,Somewhat familiar,Very proficient,Slightly diminished,Somewhat concerning,Slightly increased,,,
1.15.2015 0:47:06,Decidedly negative,Somewhat familiar,USA,Reasonably familiar,Reasonably proficient,Greatly diminished,Decidedly concerning,Greatly increased,,,
1.15.2015 0:49:13,Slightly positive,Reasonably familiar,USA,Reasonably familiar,Very proficient,Slightly diminished,Not concerning at all,Somewhat increased,,,
1.15.2015 0:49:55,Extremely negative,Reasonably familiar,USA,Reasonably familiar,Very proficient,Greatly diminished,Very concerning,Decidedly increased,,,
1.15.2015 0:52:39,Slightly negative,Somewhat familiar,USA,Very familiar,Somewhat proficient,Somewhat diminished,Slightly concerning,Somewhat increased,,,
1.15.2015 0:59:00,Somewhat negative,Reasonably familiar,USA,Reasonably familiar,Very proficient,Somewhat diminished,Very concerning,Slightly increased,,,
1.15.2015 1:07:59,Slightly positive,Reasonably familiar,USA,Very familiar,Very proficient,Slightly diminished,Slightly concerning,Slightly increased,,,
1.15.2015 1:08:50,Extremely negative,Slightly familiar,USA,Somewhat familiar,Somewhat proficient,Greatly diminished,Very concerning,Greatly increased,,,
1.15.2015 1:08:51,Somewhat negative,Somewhat familiar,USA,Somewhat familiar,Very proficient,Greatly diminished,Slightly concerning,Somewhat increased,,,
1.15.2015 1:15:55,Somewhat negative,Somewhat familiar,USA,Reasonably familiar,Reasonably proficient,Somewhat diminished,Decidedly concerning,Decidedly increased,,,
1.15.2015 1:16:14,Somewhat negative,Somewhat familiar,USA,Somewhat familiar,Reasonably proficient,Somewhat diminished,Decidedly concerning,Somewhat increased,,,
1.15.2015 1:22:22,Decidedly negative,Very familiar,USA,Very familiar,Reasonably proficient,Greatly diminished,Very concerning,Decidedly increased,,,
1.15.2015 1:23:43,Extremely negative,Not familiar at all,USA,Very familiar,Very proficient,Did not influence,Very concerning,Not at all,,,
1.15.2015 1:23:51,Decidedly negative,Reasonably familiar,USA,Reasonably familiar,Reasonably proficient,Greatly diminished,Decidedly concerning,Somewhat increased,,,
1.15.2015 1:30:39,Decidedly negative,Reasonably familiar,USA,Reasonably familiar,Very proficient,Greatly diminished,Very concerning,Decidedly increased,,,
1.15.2015 1:32:11,Slightly negative,Reasonably familiar,USA,Somewhat familiar,Reasonably proficient,Slightly diminished,Slightly concerning,Decidedly increased,,,
1.15.2015 1:33:51,Somewhat negative,Slightly familiar,Other,Somewhat familiar,Reasonably proficient,Slightly diminished,Decidedly concerning,Slightly increased,,,
1.15.2015 1:36:00,Slightly positive,Very familiar,USA,Very familiar,Reasonably proficient,Slightly diminished,Somewhat concerning,Slightly increased,,,
1.15.2015 1:41:45,Somewhat negative,Very familiar,USA,Very familiar,Somewhat proficient,Greatly diminished,Very concerning,Greatly increased,,,
1.15.2015 1:43:11,Neutral,Slightly familiar,USA,Reasonably familiar,Somewhat proficient,Somewhat diminished,Somewhat concerning,Slightly increased,,,
1.15.2015 1:48:13,Somewhat negative,Somewhat familiar,USA,Somewhat familiar,Reasonably proficient,Greatly diminished,Decidedly concerning,Slightly increased,,,
1.15.2015 1:50:48,Slightly negative,Reasonably familiar,USA,Very familiar,Very proficient,Slightly diminished,Somewhat concerning,Decidedly increased,,,
1.15.2015 1:53:19,Decidedly negative,Very familiar,Other,Very familiar,Very proficient,Greatly diminished,Very concerning,Decidedly increased,,,
1.15.2015 1:53:24,Somewhat negative,Slightly familiar,EU,Somewhat familiar,Slightly proficient,Somewhat diminished,Decidedly concerning,Decidedly increased,,,
1.15.2015 2:04:21,Extremely negative,Very familiar,Other,Very familiar,Very proficient,Greatly improved,Very concerning,Not at all,,,
1.15.2015 2:06:05,Somewhat negative,Somewhat familiar,USA,Reasonably familiar,Reasonably proficient,Slightly diminished,Slightly concerning,Somewhat increased,,,
1.15.2015 2:11:13,Somewhat negative,Reasonably familiar,USA,Reasonably familiar,Very proficient,Greatly diminished,Very concerning,Somewhat increased,,,
1.15.2015 2:17:48,Extremely negative,Very familiar,EU,Very familiar,Very proficient,Did not influence,Very concerning,Somewhat increased,,,
1.15.2015 2:17:55,Extremely negative,Reasonably familiar,USA,Very familiar,Reasonably proficient,Greatly diminished,Very concerning,Decidedly increased,,,
1.15.2015 2:24:12,Slightly positive,Slightly familiar,USA,Slightly familiar,Reasonably proficient,Slightly diminished,Slightly concerning,Greatly increased,,,
1.15.2015 2:25:39,Extremely negative,Very familiar,USA,Very familiar,Very proficient,Greatly diminished,Very concerning,Somewhat increased,,,
1.15.2015 2:37:02,Extremely negative,Reasonably familiar,USA,Very familiar,Reasonably proficient,Did not influence,Very concerning,Decidedly increased,,,
1.15.2015 2:39:54,Somewhat positive,Very familiar,USA,Very familiar,Very proficient,Did not influence,Slightly concerning,Not at all,,,
1.15.2015 2:41:09,Decidedly negative,Reasonably familiar,USA,Reasonably familiar,Somewhat proficient,Greatly diminished,Decidedly concerning,Somewhat increased,,,
1.15.2015 2:47:57,Somewhat positive,Somewhat familiar,EU,Reasonably familiar,Reasonably proficient,Did not influence,Very concerning,Somewhat increased,,,
1.15.2015 2:49:32,Neutral,Slightly familiar,USA,Reasonably familiar,Reasonably proficient,Somewhat diminished,Decidedly concerning,Somewhat increased,,,
1.15.2015 2:54:05,Decidedly negative,Reasonably familiar,USA,Reasonably familiar,Very proficient,Greatly diminished,Very concerning,Greatly increased,,,
1.15.2015 2:59:54,Decidedly negative,Very familiar,BRIC countries,Very familiar,Very proficient,Greatly diminished,Very concerning,Greatly increased
1.15.2015 3:04:10,Somewhat negative,Somewhat familiar,USA,Reasonably familiar,Somewhat proficient,Greatly diminished,Decidedly concerning,Slightly increased,,,
1.15.2015 3:07:30,Extremely negative,Somewhat familiar,USA,Reasonably familiar,Reasonably proficient,Greatly diminished,Very concerning,Somewhat increased,,,
1.15.2015 3:18:24,Decidedly negative,Reasonably familiar,USA,Reasonably familiar,Reasonably proficient,Greatly diminished,Very concerning,Decidedly increased,,,
1.15.2015 3:19:36,Decidedly negative,Somewhat familiar,Other,Reasonably familiar,Very proficient,Greatly diminished,Somewhat concerning,Greatly increased,,,
1.15.2015 3:20:28,Extremely negative,Somewhat familiar,USA,Reasonably familiar,Reasonably proficient,Greatly diminished,Very concerning,Decidedly increased,,,
1.15.2015 3:25:42,Somewhat negative,Somewhat familiar,USA,Reasonably familiar,Somewhat proficient,Somewhat diminished,Decidedly concerning,Decidedly increased,,,
1.15.2015 3:33:51,Neutral,Reasonably familiar,USA,Reasonably familiar,Reasonably proficient,Did not influence,Decidedly concerning,Slightly increased,,,
1.15.2015 3:36:25,Somewhat negative,Reasonably familiar,USA,Reasonably familiar,Very proficient,Greatly diminished,Decidedly concerning,Not at all,,,
1.15.2015 3:44:35,Slightly negative,Very familiar,Other,Reasonably familiar,Very proficient,Somewhat diminished,Decidedly concerning,Somewhat increased,,,
1.15.2015 3:55:21,Slightly negative,Slightly familiar,USA,Reasonably familiar,Reasonably proficient,Greatly diminished,Decidedly concerning,Decidedly increased,,,
1.15.2015 3:57:50,Decidedly negative,Reasonably familiar,USA,Very familiar,Very proficient,Somewhat diminished,Decidedly concerning,Slightly increased,,,
1.15.2015 3:58:14,Extremely negative,Very familiar,USA,Very familiar,Very proficient,Did not influence,Very concerning,Greatly increased,,,
1.15.2015 4:02:09,Somewhat negative,Very familiar,USA,Very familiar,Reasonably proficient,Somewhat diminished,Decidedly concerning,Somewhat increased,,,
1.15.2015 4:04:06,Somewhat negative,Reasonably familiar,USA,Reasonably familiar,Very proficient,Did not influence,Very concerning,Not at all,,,
1.15.2015 4:04:42,Decidedly negative,Reasonably familiar,USA,Reasonably familiar,Very proficient,Somewhat diminished,Very concerning,Somewhat increased,,,
1.15.2015 4:12:56,Somewhat negative,Reasonably familiar,USA,Reasonably familiar,Reasonably proficient,Slightly diminished,Decidedly concerning,Somewhat increased,,,
1.15.2015 4:15:16,Slightly positive,Very familiar,USA,Very familiar,Very proficient,Slightly diminished,Not concerning at all,Slightly increased,,,
1.15.2015 4:16:28,Slightly negative,Somewhat familiar,USA,Very familiar,Reasonably proficient,Somewhat diminished,Very concerning,Somewhat increased,,,
1.15.2015 4:19:28,Extremely negative,Somewhat familiar,USA,Very familiar,Reasonably proficient,Greatly diminished,Very concerning,Decidedly increased,,,
1.15.2015 4:25:22,Extremely negative,Reasonably familiar,EU,Reasonably familiar,Very proficient,Greatly diminished,Very concerning,Slightly increased,,,
1.15.2015 4:34:30,Somewhat positive,Reasonably familiar,USA,Reasonably familiar,Reasonably proficient,Slightly diminished,Slightly concerning,Slightly increased,,,
1.15.2015 4:34:32,Somewhat negative,Somewhat familiar,USA,Reasonably familiar,Reasonably proficient,Somewhat diminished,Decidedly concerning,Decidedly increased,,,
1.15.2015 4:47:49,Slightly negative,Somewhat familiar,Other,Somewhat familiar,Reasonably proficient,Somewhat diminished,Somewhat concerning,Somewhat increased,,,
1.15.2015 4:48:51,Decidedly negative,Reasonably familiar,USA,Reasonably familiar,Reasonably proficient,Greatly diminished,Decidedly concerning,Greatly increased,,,
1.15.2015 4:48:55,Somewhat negative,Reasonably familiar,USA,Somewhat familiar,Very proficient,Somewhat diminished,Decidedly concerning,Somewhat increased,,,
1.15.2015 4:49:24,Extremely negative,Very familiar,USA,Very familiar,Very proficient,Greatly diminished,Very concerning,Greatly increased,,,
1.15.2015 5:05:14,Decidedly negative,Reasonably familiar,USA,Very familiar,Reasonably proficient,Greatly diminished,Decidedly concerning,Somewhat increased,,,
1.15.2015 5:05:54,Somewhat negative,Reasonably familiar,USA,Reasonably familiar,Very proficient,Greatly diminished,Decidedly concerning,Decidedly increased,,,
1.15.2015 5:07:25,Decidedly negative,Very familiar,USA,Very familiar,Very proficient,Somewhat improved,Very concerning,Slightly increased,,,
1.15.2015 5:08:26,Decidedly negative,Somewhat familiar,USA,Reasonably familiar,Reasonably proficient,Somewhat diminished,Somewhat concerning,Slightly increased,,,
1.15.2015 5:14:12,Extremely negative,Reasonably familiar,USA,Very familiar,Reasonably proficient,Greatly diminished,Very concerning,Greatly increased,,,
1.15.2015 5:14:15,Extremely negative,Reasonably familiar,USA,Reasonably familiar,Very proficient,Greatly diminished,Very concerning,Somewhat increased,,,
1.15.2015 5:15:08,Slightly positive,Somewhat familiar,USA,Reasonably familiar,Reasonably proficient,Did not influence,Not concerning at all,Not at all,,,
1.15.2015 5:21:14,Extremely negative,Very familiar,USA,Very familiar,Very proficient,Somewhat diminished,Very concerning,Greatly increased,,,
1.15.2015 5:29:17,Neutral,Slightly familiar,USA,Slightly familiar,Reasonably proficient,Somewhat diminished,Slightly concerning,Somewhat increased,,,
1.15.2015 5:36:11,Somewhat negative,Slightly familiar,USA,Reasonably familiar,Reasonably proficient,Greatly diminished,Decidedly concerning,Greatly increased,,,
1.15.2015 5:36:24,Decidedly negative,Somewhat familiar,USA,Reasonably familiar,Somewhat proficient,Greatly diminished,Very concerning,Somewhat increased,,,
1.15.2015 5:40:51,Decidedly negative,Reasonably familiar,Other,Reasonably familiar,Very proficient,Greatly diminished,Very concerning,Somewhat increased,,,
1.15.2015 5:48:50,Neutral,Reasonably familiar,USA,Reasonably familiar,Very proficient,Somewhat diminished,Decidedly concerning,Somewhat increased,,,
1.15.2015 5:51:10,Extremely negative,Slightly familiar,Other,Somewhat familiar,Reasonably proficient,Greatly diminished,Very concerning,Somewhat increased,,,
1.15.2015 6:00:19,Extremely negative,Somewhat familiar,USA,Somewhat familiar,Very proficient,Greatly diminished,Very concerning,Somewhat increased,,,
1.15.2015 6:11:47,Somewhat negative,Reasonably familiar,USA,Somewhat familiar,Reasonably proficient,Slightly diminished,Slightly concerning,Not at all,,,
1.15.2015 6:12:55,Extremely negative,Reasonably familiar,Other,Reasonably familiar,Very proficient,Greatly diminished,Very concerning,Somewhat increased,,,
1.15.2015 6:32:46,Decidedly negative,Somewhat familiar,USA,Reasonably familiar,Reasonably proficient,Slightly diminished,Very concerning,Slightly increased,,,
1.15.2015 6:48:57,Extremely positive,Very familiar,USA,Very familiar,Very proficient,Somewhat improved,Not concerning at all,Slightly increased,,,
1.15.2015 7:07:06,Decidedly negative,Reasonably familiar,USA,Very familiar,Somewhat proficient,Greatly diminished,Somewhat concerning,Not at all,,,
1.15.2015 7:13:42,Extremely negative,Reasonably familiar,USA,Very familiar,Reasonably proficient,Somewhat diminished,Very concerning,Somewhat increased,,,
1.15.2015 7:21:10,Neutral,Very familiar,USA,Very familiar,Very proficient,Greatly diminished,Decidedly concerning,Somewhat increased,,,
1.15.2015 7:23:12,Somewhat negative,Slightly familiar,USA,Reasonably familiar,Somewhat proficient,Greatly diminished,Decidedly concerning,Somewhat increased,,,
1.15.2015 7:26:35,Decidedly negative,Reasonably familiar,USA,Somewhat familiar,Very proficient,Somewhat diminished,Decidedly concerning,Decidedly increased,,,
1.15.2015 7:33:22,Decidedly negative,Reasonably familiar,USA,Somewhat familiar,Very proficient,Greatly diminished,Very concerning,Somewhat increased,,,
1.15.2015 7:33:56,Decidedly positive,Very familiar,USA,Very familiar,Very proficient,Did not influence,Not concerning at all,Slightly increased,,,
1.15.2015 8:04:30,Extremely negative,Reasonably familiar,Other,Reasonably familiar,Reasonably proficient,Greatly diminished,Very concerning,Somewhat increased,,,
1.15.2015 8:08:17,Decidedly negative,Somewhat familiar,USA,Reasonably familiar,Very proficient,Did not influence,Slightly concerning,Not at all,,,
1.15.2015 8:35:15,Extremely negative,Reasonably familiar,EU,Reasonably familiar,Very proficient,Greatly diminished,Very concerning,Decidedly increased,,,
1.15.2015 8:59:03,Neutral,Very familiar,Other,Very familiar,Reasonably proficient,Did not influence,Very concerning,Not at all,,,
1.15.2015 9:00:45,Decidedly positive,Very familiar,USA,Very familiar,Very proficient,Did not influence,Not concerning at all,Not at all,,,
1.15.2015 9:17:19,Neutral,Not familiar at all,BRIC countries,Somewhat familiar,Somewhat proficient,Did not influence,Slightly concerning,Somewhat increased
1.15.2015 9:57:43,Decidedly positive,Very familiar,EU,Very familiar,Reasonably proficient,Did not influence,Not concerning at all,Not at all,,,
1.15.2015 10:02:17,Decidedly negative,Slightly familiar,USA,Reasonably familiar,Reasonably proficient,Greatly diminished,Decidedly concerning,Decidedly increased,,,
1.15.2015 10:20:02,Slightly positive,Reasonably familiar,USA,Very familiar,Reasonably proficient,Did not influence,Slightly concerning,Somewhat increased,,,
1.15.2015 10:52:49,Extremely negative,Somewhat familiar,EU,Reasonably familiar,Somewhat proficient,Greatly diminished,Very concerning,Greatly increased,,,
1.15.2015 11:11:56,Somewhat negative,Not familiar at all,EU,Reasonably familiar,Reasonably proficient,Somewhat diminished,Decidedly concerning,Not at all,,,
1.15.2015 11:29:03,Slightly negative,Reasonably familiar,USA,Not familiar at all,Reasonably proficient,Did not influence,Not concerning at all,Not at all,,,
1.15.2015 12:39:56,Decidedly negative,Somewhat familiar,USA,Reasonably familiar,Reasonably proficient,Did not influence,Very concerning,Somewhat increased,,,
1.15.2015 12:44:20,Decidedly negative,Reasonably familiar,USA,Very familiar,Very proficient,Greatly diminished,Very concerning,Slightly increased,,,
1.15.2015 13:35:38,Somewhat negative,Reasonably familiar,EU,Very familiar,Very proficient,Slightly diminished,Slightly concerning,Somewhat increased,,,
1.15.2015 13:47:53,Decidedly negative,Reasonably familiar,Other,Reasonably familiar,Somewhat proficient,Greatly diminished,Very concerning,Slightly increased,,,
1.15.2015 13:49:36,Decidedly negative,Somewhat familiar,EU,Very familiar,Reasonably proficient,Greatly diminished,Very concerning,Somewhat increased,,,
1.15.2015 17:59:55,Slightly negative,Reasonably familiar,BRIC countries,Somewhat familiar,Somewhat proficient,Slightly diminished,Somewhat concerning,Slightly increased
1.15.2015 19:15:08,Decidedly negative,Somewhat familiar,EU,Reasonably familiar,Reasonably proficient,Greatly diminished,Decidedly concerning,Slightly increased,,,
1.15.2015 19:21:05,Somewhat negative,Slightly familiar,EU,Somewhat familiar,Reasonably proficient,Greatly diminished,Decidedly concerning,Somewhat increased,,,
1.15.2015 20:23:00,Decidedly positive,Reasonably familiar,USA,Reasonably familiar,Very proficient,Did not influence,Not concerning at all,Slightly increased,,,
1.15.2015 23:33:49,Somewhat negative,Slightly familiar,EU,Slightly familiar,Reasonably proficient,Did not influence,Somewhat concerning,Somewhat increased,,,
1.16.2015 21:55:55,Extremely negative,Very familiar,USA,Very familiar,Very proficient,Greatly diminished,Very concerning,Greatly increased,,,
1.17.2015 0:36:02,Decidedly negative,Very familiar,USA,Very familiar,Very proficient,Greatly diminished,Very concerning,Decidedly increased,,,
1.17.2015 3:53:53,Decidedly negative,Reasonably familiar,USA,Very familiar,Very proficient,Somewhat diminished,Very concerning,Slightly increased,,,
1.17.2015 15:23:58,Decidedly negative,Reasonably familiar,EU,Somewhat familiar,Reasonably proficient,Somewhat diminished,Decidedly concerning,Somewhat increased,,,
1.17.2015 15:45:33,Somewhat negative,Somewhat familiar,USA,Somewhat familiar,Very proficient,Greatly diminished,Slightly concerning,Slightly increased,,,
1.17.2015 15:41:15,Slightly negative,Reasonably familiar,EU,Reasonably familiar,Very proficient,Somewhat diminished,Slightly concerning,Not at all,,,
1.17.2015 15:51:51,Neutral,Somewhat familiar,USA,Slightly familiar,Reasonably proficient,Did not influence,Not concerning at all,Not at all,,,
1.17.2015 15:54:10,Somewhat negative,Very familiar,EU,Very familiar,Very proficient,Somewhat diminished,Somewhat concerning,Somewhat increased,,,
1.17.2015 15:56:39,Slightly negative,Reasonably familiar,EU,Very familiar,Very proficient,Somewhat diminished,Slightly concerning,Slightly increased,,,
1.17.2015 16:58:08,Extremely negative,Very familiar,EU,Very familiar,Very proficient,Did not influence,Very concerning,Not at all,,,
1.17.2015 17:06:34,Decidedly negative,Slightly familiar,Other,Reasonably familiar,Reasonably proficient,Greatly diminished,Very concerning,Greatly increased,,,
1.17.2015 17:21:30,Decidedly negative,Reasonably familiar,EU,Reasonably familiar,Reasonably proficient,Somewhat diminished,Very concerning,Decidedly increased,,,
1.17.2015 17:25:14,Decidedly negative,Reasonably familiar,EU,Very familiar,Very proficient,Greatly diminished,Decidedly concerning,Slightly increased,,,
1.17.2015 18:09:03,Decidedly negative,Somewhat familiar,EU,Reasonably familiar,Slightly proficient,Greatly diminished,Somewhat concerning,Not at all,,,
1.17.2015 18:13:20,Extremely negative,Reasonably familiar,USA,Very familiar,Reasonably proficient,Greatly diminished,Very concerning,Greatly increased,,,
1.17.2015 18:22:22,Decidedly negative,Reasonably familiar,USA,Very familiar,Reasonably proficient,Did not influence,Slightly concerning,Not at all,,,
1.17.2015 18:22:51,Somewhat negative,Somewhat familiar,Other,Reasonably familiar,Reasonably proficient,Greatly diminished,Very concerning,Decidedly increased,,,
1.17.2015 18:24:04,Somewhat negative,Reasonably familiar,USA,Very familiar,Very proficient,Greatly diminished,Very concerning,Decidedly increased,,,
1.17.2015 18:31:44,Neutral,Somewhat familiar,USA,Somewhat familiar,Reasonably proficient,Slightly diminished,Slightly concerning,Slightly increased,,,
1.17.2015 18:54:27,Decidedly negative,Reasonably familiar,EU,Reasonably familiar,Very proficient,Greatly diminished,Very concerning,Greatly increased,,,
1.17.2015 19:10:07,Slightly negative,Reasonably familiar,EU,Reasonably familiar,Very proficient,Did not influence,Slightly concerning,Slightly increased,,,
1.17.2015 19:13:54,Somewhat positive,Reasonably familiar,USA,Somewhat familiar,Reasonably proficient,Slightly diminished,Slightly concerning,Decidedly increased,,,
1.17.2015 19:20:01,Extremely negative,Reasonably familiar,USA,Reasonably familiar,Reasonably proficient,Greatly diminished,Very concerning,Somewhat increased,,,
1.17.2015 19:30:28,Somewhat negative,Reasonably familiar,EU,Reasonably familiar,Very proficient,Greatly diminished,Decidedly concerning,Decidedly increased,,,
1.17.2015 19:50:09,Decidedly negative,Somewhat familiar,EU,Reasonably familiar,Reasonably proficient,Somewhat diminished,Decidedly concerning,Somewhat increased,,,
1.17.2015 21:00:19,Decidedly negative,Reasonably familiar,EU,Very familiar,Very proficient,Slightly diminished,Very concerning,Not at all,,,
1.17.2015 23:17:13,Decidedly negative,Reasonably familiar,USA,Reasonably familiar,Reasonably proficient,Did not influence,Not concerning at all,Not at all,,,
1.18.2015 0:03:58,Decidedly positive,Very familiar,EU,Very familiar,Very proficient,Did not influence,Slightly concerning,Slightly increased,,,
1.18.2015 1:44:58,Extremely negative,Very familiar,USA,Very familiar,Very proficient,Greatly diminished,Very concerning,Decidedly increased,,,
1.18.2015 2:22:04,Somewhat negative,Somewhat familiar,USA,Somewhat familiar,Reasonably proficient,Greatly diminished,Decidedly concerning,Greatly increased,,,
1.18.2015 3:03:41,Somewhat positive,Very familiar,USA,Reasonably familiar,Reasonably proficient,Did not influence,Slightly concerning,Not at all,,,
1.18.2015 3:30:08,Decidedly negative,Somewhat familiar,Other,Reasonably familiar,Very proficient,Greatly diminished,Decidedly concerning,Somewhat increased,,,
1.18.2015 4:32:13,Decidedly negative,Very familiar,USA,Reasonably familiar,Reasonably proficient,Greatly diminished,Very concerning,Greatly increased,,,
1.18.2015 7:29:48,Somewhat negative,Slightly familiar,USA,Somewhat familiar,Reasonably proficient,Greatly diminished,Decidedly concerning,Decidedly increased,,,
1.18.2015 8:06:16,Slightly negative,Reasonably familiar,Other,Very familiar,Reasonably proficient,Greatly diminished,Somewhat concerning,Slightly increased,,,
1.18.2015 8:17:18,Decidedly negative,Reasonably familiar,Other,Very familiar,Very proficient,Greatly diminished,Very concerning,Somewhat increased,,,
1.18.2015 8:21:07,Decidedly negative,Reasonably familiar,USA,Reasonably familiar,Reasonably proficient,Somewhat diminished,Very concerning,Decidedly increased,,,
1.18.2015 9:07:51,Somewhat negative,Slightly familiar,EU,Slightly familiar,Reasonably proficient,Did not influence,Not concerning at all,Slightly increased,,,
1.18.2015 10:33:00,Somewhat negative,Very familiar,USA,Very familiar,Very proficient,Somewhat diminished,Decidedly concerning,Decidedly increased,,,
1.18.2015 10:43:54,Extremely negative,Somewhat familiar,USA,Reasonably familiar,Somewhat proficient,Greatly diminished,Very concerning,Somewhat increased,,,
1.18.2015 11:01:01,Somewhat negative,Somewhat familiar,Other,Somewhat familiar,Reasonably proficient,Somewhat diminished,Somewhat concerning,Slightly increased,,,
1.18.2015 11:31:07,Extremely negative,Reasonably familiar,USA,Reasonably familiar,Reasonably proficient,Greatly diminished,Very concerning,Somewhat increased,,,
1.18.2015 14:31:01,Decidedly positive,Reasonably familiar,USA,Reasonably familiar,Very proficient,Did not influence,Slightly concerning,Slightly increased,,,
1.18.2015 21:05:13,Decidedly negative,Very familiar,USA,Reasonably familiar,Very proficient,Somewhat diminished,Very concerning,Somewhat increased,,,
1.18.2015 23:20:47,Decidedly negative,Reasonably familiar,Other,Reasonably familiar,Very proficient,Did not influence,Very concerning,Slightly increased,,,
1.18.2015 23:40:03,Slightly negative,Somewhat familiar,USA,Somewhat familiar,Somewhat proficient,Somewhat diminished,Somewhat concerning,Decidedly increased,,,
1.19.2015 1:39:04,Extremely negative,Somewhat familiar,USA,Reasonably familiar,Somewhat proficient,Greatly diminished,Very concerning,Somewhat increased,,,
1.19.2015 1:58:29,Decidedly negative,Reasonably familiar,USA,Very familiar,Very proficient,Greatly diminished,Decidedly concerning,Slightly increased,,,
1.19.2015 3:36:18,Decidedly negative,Reasonably familiar,USA,Very familiar,Somewhat proficient,Greatly diminished,Very concerning,Decidedly increased,,,
1.19.2015 8:47:23,Decidedly negative,Somewhat familiar,EU,Reasonably familiar,Reasonably proficient,Greatly diminished,Slightly concerning,Decidedly increased,,,
1.20.2015 5:52:16,Extremely negative,Reasonably familiar,USA,Very familiar,Very proficient,Greatly diminished,Very concerning,Somewhat increased,,,
1.20.2015 23:42:29,Decidedly negative,Very familiar,USA,Very familiar,Very proficient,Greatly diminished,Very concerning,Decidedly increased,,,
1.21.2015 15:03:02,Neutral,Slightly familiar,BRIC countries,Somewhat familiar,Reasonably proficient,Slightly diminished,Decidedly concerning,Somewhat increased
1.21.2015 15:20:18,Decidedly negative,Reasonably familiar,EU,Very familiar,Very proficient,Greatly diminished,Very concerning,Somewhat increased,,,
1.21.2015 15:23:02,Neutral,Slightly familiar,USA,Not familiar at all,Reasonably proficient,Did not influence,Slightly concerning,Not at all,,,
1.21.2015 15:26:01,Neutral,Not familiar at all,Other,Not familiar at all,Reasonably proficient,Did not influence,Somewhat concerning,Not at all,,,
1.21.2015 15:27:03,Somewhat negative,Reasonably familiar,EU,Reasonably familiar,Very proficient,Did not influence,Somewhat concerning,Not at all,,,
1.21.2015 15:27:19,Extremely negative,Reasonably familiar,USA,Reasonably familiar,Reasonably proficient,Greatly diminished,Very concerning,Decidedly increased,,,
1.21.2015 15:35:43,Extremely negative,Very familiar,EU,Very familiar,Very proficient,Slightly diminished,Very concerning,Slightly increased,,,
1.21.2015 15:36:22,Decidedly negative,Somewhat familiar,EU,Slightly familiar,Slightly proficient,Greatly diminished,Very concerning,Somewhat increased,,,
1.21.2015 15:48:36,Decidedly negative,Reasonably familiar,USA,Somewhat familiar,Very proficient,Greatly diminished,Very concerning,Slightly increased,,,
1.21.2015 16:06:49,Decidedly negative,Somewhat familiar,USA,Reasonably familiar,Very proficient,Somewhat diminished,Decidedly concerning,Slightly increased,,,
1.21.2015 16:07:04,Extremely negative,Somewhat familiar,Other,Reasonably familiar,Somewhat proficient,Greatly diminished,Very concerning,Greatly increased,,,
1.21.2015 16:13:10,Extremely negative,Reasonably familiar,USA,Reasonably familiar,Very proficient,Greatly diminished,Very concerning,Decidedly increased,,,
1.21.2015 16:29:41,Decidedly negative,Reasonably familiar,EU,Somewhat familiar,Slightly proficient,Greatly diminished,Very concerning,Decidedly increased,,,
1.21.2015 16:32:40,Neutral,Very familiar,EU,Reasonably familiar,Very proficient,Did not influence,Decidedly concerning,Not at all,,,
1.21.2015 16:43:09,Somewhat negative,Slightly familiar,Other,Slightly familiar,Somewhat proficient,Greatly diminished,Somewhat concerning,Not at all,,,
1.21.2015 16:58:23,Decidedly negative,Somewhat familiar,EU,Reasonably familiar,Very proficient,Greatly diminished,Very concerning,Slightly increased,,,
1.21.2015 17:04:55,Decidedly negative,Reasonably familiar,USA,Very familiar,Very proficient,Greatly diminished,Decidedly concerning,Somewhat increased,,,
1.21.2015 17:07:00,Extremely negative,Reasonably familiar,USA,Reasonably familiar,Very proficient,Somewhat diminished,Slightly concerning,Decidedly increased,,,
1.21.2015 17:09:24,Extremely negative,Very familiar,USA,Very familiar,Very proficient,Greatly diminished,Very concerning,Greatly increased,,,
1.21.2015 17:26:00,Somewhat positive,Reasonably familiar,EU,Very familiar,Very proficient,Slightly diminished,Not concerning at all,Slightly increased,,,
1.21.2015 17:39:45,Decidedly negative,Very familiar,USA,Very familiar,Reasonably proficient,Greatly diminished,Very concerning,Somewhat increased,,,
1.21.2015 17:44:07,Somewhat negative,Somewhat familiar,USA,Reasonably familiar,Reasonably proficient,Somewhat diminished,Somewhat concerning,Slightly increased,,,
1.21.2015 17:50:13,Decidedly negative,Slightly familiar,EU,Slightly familiar,Reasonably proficient,Greatly diminished,Decidedly concerning,Greatly increased,,,
1.21.2015 18:01:36,Extremely negative,Very familiar,EU,Very familiar,Very proficient,Did not influence,Very concerning,Not at all,,,
1.21.2015 18:07:51,Somewhat negative,Reasonably familiar,USA,Reasonably familiar,Very proficient,Somewhat diminished,Decidedly concerning,Somewhat increased,,,
1.21.2015 18:15:00,Extremely negative,Somewhat familiar,EU,Reasonably familiar,Very proficient,Somewhat diminished,Decidedly concerning,Somewhat increased,,,
1.21.2015 18:17:24,Decidedly negative,Somewhat familiar,EU,Somewhat familiar,Very proficient,Somewhat diminished,Decidedly concerning,Decidedly increased,,,
1.21.2015 18:18:38,Extremely negative,Very familiar,Other,Very familiar,Very proficient,Greatly diminished,Very concerning,Decidedly increased,,,
1.21.2015 18:22:16,Decidedly negative,Somewhat familiar,Other,Reasonably familiar,Very proficient,Greatly diminished,Very concerning,Greatly increased,,,
1.21.2015 18:39:01,Decidedly negative,Somewhat familiar,EU,Reasonably familiar,Reasonably proficient,Somewhat diminished,Decidedly concerning,Somewhat increased,,,
1.21.2015 18:43:03,Decidedly negative,Reasonably familiar,Other,Reasonably familiar,Very proficient,Somewhat diminished,Very concerning,Decidedly increased,,,
1.21.2015 18:44:08,Extremely negative,Somewhat familiar,EU,Somewhat familiar,Somewhat proficient,Greatly diminished,Very concerning,Decidedly increased,,,
1.21.2015 18:47:43,Decidedly positive,Very familiar,USA,Very familiar,Very proficient,Somewhat improved,Not concerning at all,Not at all,,,
1.21.2015 18:47:54,Extremely negative,Reasonably familiar,USA,Very familiar,Slightly proficient,Did not influence,Very concerning,Decidedly increased,,,
1.21.2015 18:56:24,Slightly negative,Somewhat familiar,USA,Slightly familiar,Somewhat proficient,Did not influence,Decidedly concerning,Somewhat increased,,,
1.21.2015 19:00:24,Decidedly negative,Slightly familiar,USA,Somewhat familiar,Somewhat proficient,Greatly diminished,Decidedly concerning,Decidedly increased,,,
1.21.2015 19:04:06,Somewhat negative,Very familiar,USA,Very familiar,Very proficient,Greatly diminished,Very concerning,Somewhat increased,,,
1.21.2015 19:04:31,Extremely negative,Reasonably familiar,Other,Reasonably familiar,Reasonably proficient,Did not influence,Very concerning,Somewhat increased,,,
1.21.2015 19:05:37,Extremely negative,Reasonably familiar,EU,Very familiar,Reasonably proficient,Somewhat diminished,Very concerning,Greatly increased,,,
1.21.2015 19:29:03,Decidedly negative,Somewhat familiar,BRIC countries,Reasonably familiar,Reasonably proficient,Greatly diminished,Very concerning,Decidedly increased
1.21.2015 19:37:29,Extremely negative,Very familiar,EU,Very familiar,Very proficient,Greatly diminished,Very concerning,Slightly increased,,,
1.21.2015 19:43:20,Decidedly negative,Slightly familiar,USA,Slightly familiar,Reasonably proficient,Greatly diminished,Very concerning,Greatly increased,,,
1.21.2015 19:56:00,Extremely negative,Reasonably familiar,EU,Very familiar,Very proficient,Greatly diminished,Very concerning,Decidedly increased,,,
1.21.2015 20:01:59,Extremely negative,Slightly familiar,Other,Reasonably familiar,Very proficient,Greatly diminished,Somewhat concerning,Decidedly increased,,,
1.21.2015 20:05:14,Neutral,Slightly familiar,EU,Slightly familiar,Very proficient,Slightly diminished,Somewhat concerning,Not at all,,,
1.21.2015 20:09:35,Extremely negative,Very familiar,Other,Very familiar,Very proficient,Greatly diminished,Very concerning,Greatly increased,,,
1.21.2015 20:35:44,Extremely negative,Reasonably familiar,USA,Very familiar,Somewhat proficient,Somewhat diminished,Very concerning,Decidedly increased,,,
1.21.2015 20:38:08,Decidedly negative,Very familiar,USA,Very familiar,Very proficient,Somewhat diminished,Decidedly concerning,Somewhat increased,,,
1.21.2015 20:42:12,Decidedly negative,Slightly familiar,EU,Reasonably familiar,Very proficient,Greatly diminished,Decidedly concerning,Somewhat increased,,,
1.21.2015 20:44:31,Decidedly negative,Slightly familiar,EU,Reasonably familiar,Very proficient,Greatly diminished,Decidedly concerning,Somewhat increased,,,
1.21.2015 20:49:29,Somewhat negative,Slightly familiar,EU,Reasonably familiar,Reasonably proficient,Somewhat diminished,Somewhat concerning,Somewhat increased,,,
1.21.2015 20:57:23,Decidedly negative,Reasonably familiar,USA,Reasonably familiar,Very proficient,Did not influence,Decidedly concerning,Decidedly increased,,,
1.21.2015 21:01:25,Decidedly negative,Somewhat familiar,EU,Somewhat familiar,Reasonably proficient,Somewhat diminished,Very concerning,Decidedly increased,,,
1.21.2015 21:28:21,Decidedly negative,Very familiar,USA,Very familiar,Very proficient,Slightly diminished,Very concerning,Slightly increased,,,
1.21.2015 21:38:58,Extremely negative,Reasonably familiar,EU,Somewhat familiar,Somewhat proficient,Greatly diminished,Decidedly concerning,Somewhat increased,,,
1.21.2015 21:45:29,Decidedly negative,Reasonably familiar,USA,Very familiar,Very proficient,Greatly diminished,Very concerning,Greatly increased,,,
1.21.2015 21:49:24,Decidedly negative,Reasonably familiar,EU,Very familiar,Very proficient,Greatly diminished,Decidedly concerning,Not at all,,,
1.21.2015 21:59:04,Slightly positive,Very familiar,USA,Reasonably familiar,Very proficient,Somewhat diminished,Somewhat concerning,Decidedly increased,,,
1.21.2015 22:29:21,Somewhat negative,Reasonably familiar,Other,Reasonably familiar,Somewhat proficient,Greatly diminished,Somewhat concerning,Slightly increased,,,
1.21.2015 22:31:01,Decidedly negative,Reasonably familiar,Other,Reasonably familiar,Very proficient,Greatly diminished,Very concerning,Decidedly increased,,,
1.21.2015 22:42:33,Slightly positive,Somewhat familiar,USA,Somewhat familiar,Reasonably proficient,Did not influence,Slightly concerning,Not at all,,,
1.21.2015 22:47:42,Neutral,Somewhat familiar,USA,Very familiar,Reasonably proficient,Greatly diminished,Somewhat concerning,Somewhat increased,,,
1.21.2015 22:48:24,Somewhat negative,Very familiar,EU,Reasonably familiar,Very proficient,Somewhat diminished,Somewhat concerning,Greatly increased,,,
1.21.2015 22:52:04,Extremely negative,Very familiar,BRIC countries,Very familiar,Very proficient,Greatly diminished,Very concerning,Greatly increased
1.21.2015 22:53:46,Somewhat positive,Not familiar at all,USA,Slightly familiar,Reasonably proficient,Greatly diminished,Slightly concerning,Not at all,,,
1.21.2015 23:08:37,Decidedly negative,Somewhat familiar,BRIC countries,Reasonably familiar,Reasonably proficient,Somewhat diminished,Very concerning,Greatly increased
1.21.2015 23:19:06,Somewhat negative,Somewhat familiar,EU,Somewhat familiar,Reasonably proficient,Slightly diminished,Slightly concerning,Not at all,,,
1.21.2015 23:22:23,Decidedly negative,Reasonably familiar,EU,Very familiar,Somewhat proficient,Somewhat diminished,Very concerning,Decidedly increased,,,
1.21.2015 23:28:12,Extremely negative,Reasonably familiar,USA,Reasonably familiar,Very proficient,Greatly diminished,Very concerning,Decidedly increased,,,
1.21.2015 23:51:18,Extremely positive,Reasonably familiar,USA,Very familiar,Reasonably proficient,Did not influence,Not concerning at all,Slightly increased,,,
1.22.2015 0:06:13,Slightly positive,Reasonably familiar,USA,Very familiar,Very proficient,Slightly diminished,Somewhat concerning,Greatly increased,,,
1.22.2015 0:09:19,Somewhat negative,Slightly familiar,Other,Very familiar,Slightly proficient,Somewhat diminished,Decidedly concerning,Greatly increased,,,
1.22.2015 0:10:36,Extremely negative,Somewhat familiar,Other,Reasonably familiar,Very proficient,Greatly diminished,Very concerning,Slightly increased,,,
1.22.2015 0:18:53,Extremely negative,Reasonably familiar,USA,Reasonably familiar,Somewhat proficient,Somewhat diminished,Very concerning,Decidedly increased,,,
1.22.2015 0:40:09,Extremely negative,Reasonably familiar,USA,Reasonably familiar,Slightly proficient,Greatly diminished,Very concerning,Decidedly increased,,,
1.22.2015 0:42:04,Somewhat positive,Reasonably familiar,Other,Reasonably familiar,Very proficient,Did not influence,Not concerning at all,Not at all,,,
1.22.2015 0:42:21,Neutral,Very familiar,USA,Reasonably familiar,Very proficient,Did not influence,Not concerning at all,Not at all,,,
1.22.2015 0:58:00,Decidedly negative,Reasonably familiar,USA,Somewhat familiar,Reasonably proficient,Greatly diminished,Decidedly concerning,Somewhat increased,,,
1.22.2015 1:02:13,Somewhat positive,Very familiar,USA,Reasonably familiar,Very proficient,Slightly diminished,Slightly concerning,Not at all,,,
1.22.2015 1:08:00,Extremely negative,Very familiar,USA,Very familiar,Very proficient,Somewhat diminished,Very concerning,Slightly increased,,,
1.22.2015 1:15:02,Slightly negative,Somewhat familiar,Other,Somewhat familiar,Very proficient,Did not influence,Decidedly concerning,Decidedly increased,,,
1.22.2015 1:15:41,Decidedly negative,Very familiar,USA,Very familiar,Very proficient,Greatly diminished,Very concerning,Greatly increased,,,
1.22.2015 1:45:43,Decidedly negative,Somewhat familiar,EU,Slightly familiar,Reasonably proficient,Somewhat diminished,Very concerning,Decidedly increased,,,
1.22.2015 1:55:26,Decidedly negative,Somewhat familiar,USA,Slightly familiar,Reasonably proficient,Slightly diminished,Decidedly concerning,Somewhat increased,,,
1.22.2015 2:14:01,Decidedly negative,Somewhat familiar,EU,Reasonably familiar,Reasonably proficient,Somewhat diminished,Very concerning,Somewhat increased,,,
1.22.2015 2:19:52,Decidedly negative,Reasonably familiar,USA,Reasonably familiar,Very proficient,Somewhat diminished,Very concerning,Decidedly increased,,,
1.22.2015 2:26:05,Decidedly negative,Slightly familiar,Other,Slightly familiar,Very proficient,Did not influence,Not concerning at all,Not at all,,,
1.22.2015 2:48:53,Decidedly negative,Reasonably familiar,USA,Very familiar,Very proficient,Did not influence,Decidedly concerning,Decidedly increased,,,
1.22.2015 3:47:57,Neutral,Reasonably familiar,USA,Reasonably familiar,Very proficient,Slightly diminished,Somewhat concerning,Slightly increased,,,
1.22.2015 3:56:25,Decidedly negative,Somewhat familiar,Other,Somewhat familiar,Reasonably proficient,Somewhat diminished,Very concerning,Slightly increased,,,
1.22.2015 4:40:41,Somewhat negative,Somewhat familiar,EU,Reasonably familiar,Very proficient,Greatly diminished,Decidedly concerning,Slightly increased,,,
1.22.2015 5:01:04,Extremely negative,Reasonably familiar,USA,Reasonably familiar,Somewhat proficient,Somewhat diminished,Very concerning,Greatly increased,,,
1.22.2015 5:11:29,Neutral,Slightly familiar,USA,Somewhat familiar,Reasonably proficient,Slightly diminished,Slightly concerning,Somewhat increased,,,
1.22.2015 9:54:06,Decidedly negative,Slightly familiar,USA,Somewhat familiar,Somewhat proficient,Somewhat diminished,Very concerning,Somewhat increased,,,
1.22.2015 10:20:31,Somewhat negative,Somewhat familiar,BRIC countries,Reasonably familiar,Very proficient,Somewhat diminished,Decidedly concerning,Somewhat increased
1.22.2015 11:21:24,Extremely negative,Very familiar,Other,Very familiar,Very proficient,Slightly diminished,Very concerning,Greatly increased,,,
1.22.2015 11:47:38,Decidedly negative,Somewhat familiar,EU,Slightly familiar,Somewhat proficient,Did not influence,Somewhat concerning,Slightly increased,,,
1.22.2015 14:31:18,Slightly negative,Reasonably familiar,Other,Reasonably familiar,Somewhat proficient,Slightly diminished,Slightly concerning,Somewhat increased,,,
1.22.2015 16:54:24,Slightly negative,Reasonably familiar,EU,Reasonably familiar,Very proficient,Somewhat diminished,Slightly concerning,Somewhat increased,,,
